{"weights": [-0.7986128085196551, -0.4983161287831493, -0.4229445329636698, 0.18838586622115863, -0.5779201557478084, -0.8598654274095426, 1.6363196870257568, 1.3999520305833566, 0.7469374309221226, 0.43694277870605097, 0.17012821325538177, 0.22645781231119805, 0.3750917430823318, 0.056543280613929235, -0.07136824416163147, -0.06364628324951174, -0.047772192612241554, 0.07048724980424487, -0.04324034014474215, -1.2642044547419986], "bias": -0.32157303370786566}